{
    "rmse": 0.7059119108081671,
    "mae": 0.5604480329531447,
    "r2": 0.2512151679548641
}