{
    "rmse": 0.7423217202063124,
    "mae": 0.5581081859449961,
    "r2": 0.25859916576485353
}